<xml>
	<set name="PROJECT_DIR" value="${this_dir}" />
	<set name="CPP_DIR" value="${PROJECT_DIR}/cpp" />
	
	<files id='haxe'>
		<compilervalue name="-I" value="${CPP_DIR}/include/" />
		<compilervalue name="-I" value="${CPP_DIR}/src/" />
	</files>
	
	<target id='haxe' tool='linker' toolid='exe'>
		<lib name='${CPP_DIR}/lib/libvlc.lib' if='windows'/>
		<lib name='${CPP_DIR}/lib/libvlccore.lib' if='windows'/>
	</target>

	<target id="haxe" tool="linker" if="macos">
            <flag value="-framework"/>
            <flag value="OpenGL"/>
            <flag value="-framework"/>
            <flag value="CoreVideo"/>
            <flag value="-framework"/>
            <flag value="IOKit"/>
            <flag value="-framework"/>
            <flag value="Cocoa"/>
            <flag value="-framework"/>      
            <flag value="Glut"/>
        </target>
	
</xml>